Id,Tier,Rate,Rewards
1,A,0.5,1
2,B,0.3,2
3,C,0.1,5
4,D,0.05,10
5,E,0.03,20
6,F,0.01,50
7,G,0.009,100
8,H,0.0009,1000
9,I,0.00009,10000
10,J,0.00001,100000
